SampleID,Date,longitude,latitude
BI13,14-Jul-25,-155.96348,19.5996023
BIO1,7-Jul-25,-155.97014,19.594
BIO2,7-Jul-25,-155.92856,19.5424751
BIO3,7-Jul-25,-155.92865,19.5425027
BI1,10-Jul-25,-155.92853,19.5425304
BI31,14-Jul-25,-155.91311,19.491911
BI10,13-Jul-25,-155.89814,19.4578056
BIO4,13-Jul-25,-155.89803,19.4579444
BI15,8-Jul-25,-155.89281,19.4513611
BI16,8-Jul-25,-155.89286,19.4511111
BIO5,8-Jul-25,-155.89278,19.4512778
BIO6,8-Jul-25,-155.89278,19.4512778
BIO7,8-Jul-25,-155.89278,19.4511667
BIO8,8-Jul-25,-155.89278,19.4511111
BIO9,8-Jul-25,-155.89278,19.4510833
BIO10,8-Jul-25,-155.89275,19.4510833
BIO11,8-Jul-25,-155.89272,19.4510556
BIO12,8-Jul-25,-155.89275,19.4510278
BIO13,8-Jul-25,-155.89275,19.4510278
BIO14,8-Jul-25,-155.89281,19.4510556
BIO15,8-Jul-25,-155.89236,19.4513333
BIO16,8-Jul-25,-155.89228,19.4512222
BIO17,8-Jul-25,-155.89208,19.4508889
BIO18,8-Jul-25,-155.89203,19.4508889
BIO19,8-Jul-25,-155.89203,19.4509167
BI14,13-Jul-25,-155.90442,19.425
BI9,12-Jul-25,-155.59025,19.0595556
BI8,12-Jul-25,-155.59025,19.0596509
BI7,13-Jul-25,-155.59025,19.0597844
BIO20,14-Jul-25,-155.59022,19.0598285
BIO21,15-Jul-25,-155.59019,19.0599167
BIO22,16-Jul-25,-155.58978,19.0596667
BIO23,17-Jul-25,-155.58981,19.05975
BIO24,18-Jul-25,-155.58978,19.05975
BIO25,19-Jul-25,-155.58981,19.05975
BI 11 Adult,20-Jul-25,-155.03961,19.6245278
BIO26,21-Jul-25,-155.03908,19.6249125
BI12,22-Jul-25,-155.37322,20.0411389
K2,29-Jun-23,-159.3674,21.9761102
KO78,29-Jun-24,-159.36708,21.976124
KO79,29-Jun-24,-159.36706,21.976129
KO80,29-Jun-24,-159.36705,21.976145
KO81,29-Jun-24,-159.36701,21.976256
KO82,29-Jun-24,-159.36691,21.976264
KO83,29-Jun-24,-159.36669,21.976339
KO84,29-Jun-24,-159.36706,21.9761389
KO85,29-Jun-24,-159.36703,21.97625
KO86,29-Jun-24,-159.36708,21.9761111
KO77,29-Jun-24,-159.36704,21.975189
KO1,27-Jun-23,-159.36697,21.97625
KO87,27-Jun-23,-159.36712,21.975894
KO88,27-Jun-23,-159.36736,21.9761667
KO89,27-Jun-23,-159.36719,21.9760278
KO2,28-Jun-23,-159.36711,21.9760833
KO3,29-Jun-23,-159.36717,21.9760278
KO4,30-Jun-23,-159.36717,21.9760833
KO5,30-Jun-23,-159.36739,21.9761667
KO6,30-Jun-23,-159.36681,21.9761944
KO7,30-Jun-23,-159.36675,21.9760278
KO8,30-Jun-23,-159.36481,21.9768611
KO9,30-Jun-23,-159.36453,21.9768056
KO10,30-Jun-23,-159.36822,21.9751389
KO11,30-Jun-23,-159.36717,21.9758889
KO12,30-Jun-23,-159.36742,21.9760833
KO13,30-Jun-23,-159.36753,21.9764444
KO14,30-Jun-23,-159.36756,21.9764444
KO15,30-Jun-23,-159.36756,21.9764167
KO16,30-Jun-23,-159.36758,21.9764167
KO17,30-Jun-23,-159.36708,21.9765
KO18,30-Jun-23,-159.36539,21.9761667
KO19,30-Jun-23,-159.36536,21.9761944
KO20,30-Jun-23,-159.365,21.9763611
KO21,30-Jun-23,-159.36722,21.9760556
KO22,30-Jun-23,-159.36725,21.9760833
KO23,30-Jun-23,-159.36717,21.9761389
KO24,30-Jun-23,-159.36714,21.9761389
KO25,30-Jun-23,-159.36708,21.97625
KO26,30-Jun-23,-159.36703,21.9763056
KO27,30-Jun-23,-159.367,21.9763056
KO28,30-Jun-23,-159.36694,21.97625
KO29,30-Jun-23,-159.36686,21.9762778
KO30,30-Jun-23,-159.36678,21.9763056
KO31,30-Jun-23,-159.36675,21.9762778
KO32,30-Jun-23,-159.36664,21.9762222
KO33,30-Jun-23,-159.36603,21.9759722
KO34,30-Jun-23,-159.36644,21.976
KO35,30-Jun-23,-159.36647,21.9760556
KO36,30-Jun-23,-159.36658,21.9754722
KO37,30-Jun-23,-159.36711,21.9758889
KO38,30-Jun-23,-159.36892,21.9768056
KO39,30-Jun-23,-159.36717,21.9760556
KO40,30-Jun-23,-159.367,21.9762222
KO41,30-Jun-23,-159.36667,21.9755556
K4,2-Jul-23,-159.38448,22.20865
K5,2-Jul-23,-159.38366,22.2118076
KO90,17-Mar-00,-159.38275,22.2100833
KO91,25-Jul-25,-159.38275,22.2100556
KO92,25-Jul-25,-159.38278,22.2100556
KO93,25-Jul-25,-159.38283,22.21
KO94,25-Jul-25,-159.38281,22.21
KO95,25-Jul-25,-159.38278,22.2100278
KO96,25-Jul-25,-159.38383,22.2118611
KO97,25-Jul-25,-159.38389,22.2118333
KO98,25-Jul-25,-159.38389,22.2118056
KO99,25-Jul-25,-159.38358,22.2122778
KO100,25-Jul-25,-159.3835,22.2113611
KO101,25-Jul-25,-159.38231,22.2116111
KO102,25-Jul-25,-159.38272,22.2100833
KO103,25-Jul-25,-159.38269,22.2101111
KO104,25-Jul-25,-159.38269,22.2101389
KO105,25-Jul-25,-159.38269,22.2101667
KO106,25-Jul-25,-159.38267,22.2101944
KO107,25-Jul-25,-159.38267,22.2102222
KO108,25-Jul-25,-159.38267,22.21025
KO109,25-Jul-25,-159.38264,22.2102778
KO110,25-Jul-25,-159.38264,22.2103611
KO111,25-Jul-25,-159.38369,22.2119444
KO112,25-Jul-25,-159.38369,22.2119167
KO113,25-Jul-25,-159.38367,22.2119167
KO114,25-Jul-25,-159.38336,22.2114444
KO115,25-Jul-25,-159.38325,22.2114444
KO116,25-Jul-25,-159.38314,22.2115278
KO117,25-Jul-25,-159.38272,22.2115833
KO118,25-Jul-25,-159.3825,22.2115833
KO119,25-Jul-25,-159.38139,22.2118056
KO120,25-Jul-25,-159.38367,22.2110556
KO42,24-Jun-23,-159.38289,22.2099444
KO43,24-Jun-23,-159.38372,22.2118611
KO44,24-Jun-23,-159.38356,22.2118889
KO45,24-Jun-23,-159.38383,22.2118333
KO46,24-Jun-23,-159.38383,22.2118056
KO47,24-Jun-23,-159.38383,22.2117778
KO48,24-Jun-23,-159.38383,22.2117778
KO49,24-Jun-23,-159.38386,22.2118056
KO50,24-Jun-23,-159.38392,22.2118333
KO51,24-Jun-23,-159.38386,22.2118056
KO52,24-Jun-23,-159.38386,22.2118056
KO53,24-Jun-23,-159.38383,22.2119722
KO54,24-Jun-23,-159.38381,22.2119722
KO55,24-Jun-23,-159.38397,22.2119722
KO56,24-Jun-23,-159.38394,22.2105833
KO57,24-Jun-23,-159.38367,22.211
KO58,24-Jun-23,-159.38364,22.2110833
KO59,24-Jun-23,-159.38339,22.2114444
KO60,24-Jun-23,-159.38289,22.2099167
KO61,24-Jun-23,-159.38389,22.2119722
KO62,24-Jun-23,-159.38289,22.2116944
KO63,24-Jun-23,-159.38308,22.2116667
K80,30-Jun-25,-159.50925,21.924507
K73,28-Jul-24,-159.70881,21.9679722
K3,23-Jun-23,-159.59346,21.907638
KO74,29-Jun-24,-159.59355,21.907615
KO75,29-Jun-24,-159.59439,21.907899
KO76,29-Jun-24,-159.71136,21.9692222
KO121,25-Jul-25,-159.71094,21.9689722
KO122,25-Jul-25,-159.71117,21.9691145
KO123,25-Jul-25,-159.71086,21.9689444
K21,24-Jun-24,-159.71131,21.9688449
OO1,2-Jul-25,-157.85922,21.3168333
OO2,2-Jul-25,-157.85922,21.3168611
O30,2-Jul-25,-157.85797,21.317
OO3,2-Jul-25,-157.85556,21.2980278
O34,2-Jul-25,-157.83275,21.4309167
O35,2-Jul-25,-158.05583,21.6416111
O36,2-Jul-25,-157.84419,21.2946389
O32,5-Jul-25,-157.85828,21.3018056
OO4,5-Jul-25,-157.85869,21.3022222
OO5,5-Jul-25,-157.8585,21.3018056
OO6,5-Jul-25,-157.85853,21.3018056
OO7,5-Jul-25,-157.85856,21.3018611
OO8,5-Jul-25,-157.85856,21.3018889
OO9,5-Jul-25,-157.85864,21.302
OO10,5-Jul-25,-157.85861,21.3019722
OO11,5-Jul-25,-157.85861,21.3019444
OO12,5-Jul-25,-157.85858,21.3019444
OO13,5-Jul-25,-157.85867,21.3020556
OO14,5-Jul-25,-157.85869,21.3020556
OO15,5-Jul-25,-157.85867,21.3020278
OO16,5-Jul-25,-157.85867,21.3020278
OO17,5-Jul-25,-157.85872,21.3020833
OO18,5-Jul-25,-157.85869,21.3020833
OO19,5-Jul-25,-157.85869,21.3020833
OO20,5-Jul-25,-157.85869,21.3020833
OO21,5-Jul-25,-157.85867,21.3020556
OO22,5-Jul-25,-157.85869,21.3020833
OO23,5-Jul-25,-157.85869,21.3020556
OO24,5-Jul-25,-157.85867,21.3020556
OO25,5-Jul-25,-157.85603,21.3003056
O31,5-Jul-25,-157.81481,21.30125
OO26,5-Jul-25,-157.81453,21.3011667
OO27,5-Jul-25,-157.81489,21.3009722
OO28,5-Jul-25,-157.8155,21.3010833
OO29,5-Jul-25,-157.81536,21.3006667
OO30,5-Jul-25,-157.81539,21.3008611
OO31,5-Jul-25,-157.81492,21.3006944
OO32,5-Jul-25,-157.81489,21.3006944
OO33,5-Jul-25,-157.81489,21.3006667
OO34,5-Jul-25,-157.81492,21.3006944
OO35,5-Jul-25,-157.81492,21.3006667
OO36,5-Jul-25,-157.81481,21.3006944
OO37,5-Jul-25,-157.81472,21.3009167
OO38,5-Jul-25,-157.81422,21.3009444
OO39,5-Jul-25,-157.81422,21.3009722
OO40,5-Jul-25,-157.81417,21.3009722
OO41,5-Jul-25,-157.81431,21.3012778
OO42,5-Jul-25,-157.81486,21.3019444
OO43,5-Jul-25,-157.81603,21.3015
OO44,5-Jul-25,-157.81622,21.3014444
OO45,5-Jul-25,-157.817,21.3014167
OO46,5-Jul-25,-157.817,21.3014167
OO47,5-Jul-25,-157.81381,21.2995556
OO48,5-Jul-25,-157.81394,21.3010556
OO49,5-Jul-25,-157.81375,21.2995833
O43,6-Jul-25,-157.85042,21.3209722
O44,6-Jul-25,-157.84431,21.3169722
OO50,6-Jul-25,-157.84464,21.3170278
OO51,6-Jul-25,-157.84486,21.3169167
OO52,6-Jul-25,-157.84497,21.3169444
O45,6-Jul-25,-157.839,21.30725
OO53,6-Jul-25,-157.80167,21.3172778
O46,6-Jul-25,-157.83231,21.3065833
O50,6-Jul-25,-157.85556,21.3170278
OO54,6-Jul-25,-157.97242,21.3944722
OO55,6-Jul-25,-157.78177,21.368189
OO56,6-Jul-25,-157.78134,21.367864
OO57,6-Jul-25,-157.78118,21.367605
OO58,6-Jul-25,-157.81234,21.415525
O48,7-Jul-25,-158.01717,21.3845833
OO59,7-Jul-25,-158.0155,21.3863333
OO60,7-Jul-25,-158.0155,21.3861667
OO61,7-Jul-25,-158.0155,21.3862222
OO62,7-Jul-25,-158.01639,21.3853889
OO63,7-Jul-25,-158.01544,21.3860556
O18,7-Jul-25,-158.02278,21.4986667
OO64,7-Jul-25,-158.02322,21.4984444
OO65,7-Jul-25,-158.02314,21.4985833
OO66,7-Jul-25,-158.02522,21.4996944
OO67,7-Jul-25,-158.02581,21.4996944
O17,7-Jul-25,-157.83775,21.3383056
OO68,7-Jul-25,-157.83775,21.3382222
O49,7-Jul-25,-157.83728,21.3381111
OO69,7-Jul-25,-157.83689,21.3379722
OO70,7-Jul-25,-157.83767,21.3383611
OO71,7-Jul-25,-157.83897,21.3389167
OO72,7-Jul-25,-157.83819,21.3368889
OO73,7-Jul-25,-157.83817,21.3358056
OO74,7-Jul-25,-157.83811,21.3357222
OO75,7-Jul-25,-157.83817,21.3357778
OO76,7-Jul-25,-157.83814,21.33575
OO77,7-Jul-25,-157.83831,21.3357222
OO78,7-Jul-25,-157.83828,21.3358056
OO79,7-Jul-25,-157.83828,21.3358889
OO80,7-Jul-25,-157.83819,21.3357222
OO81,7-Jul-25,-157.83817,21.3357222
OO82,7-Jul-25,-157.83817,21.3356944
OO83,7-Jul-25,-157.83819,21.33575
OO84,7-Jul-25,-157.83825,21.3357222
OO85,7-Jul-25,-157.83828,21.3356944
OO86,7-Jul-25,-157.83831,21.3357222
OO87,7-Jul-25,-157.83831,21.3356667
OO88,7-Jul-25,-157.83825,21.3356667
OO89,7-Jul-25,-157.83833,21.3356667
OO90,7-Jul-25,-157.83831,21.3356389
OO91,7-Jul-25,-157.83833,21.3356389
OO92,7-Jul-25,-157.83844,21.3357778
OO93,7-Jul-25,-157.83844,21.33575
OO94,7-Jul-25,-157.83839,21.3356944
OO95,7-Jul-25,-157.83833,21.3356667
OO96,7-Jul-25,-157.83831,21.3356389
OO97,7-Jul-25,-157.83833,21.3356389
OO98,7-Jul-25,-157.83833,21.3356111
OO99,7-Jul-25,-157.83831,21.3355833
OO100,7-Jul-25,-157.83828,21.3355556
OO101,7-Jul-25,-157.83831,21.3355833
OO102,7-Jul-25,-157.83825,21.3355278
OO103,7-Jul-25,-157.83825,21.3355556
OO104,7-Jul-25,-157.83825,21.3355278
OO105,7-Jul-25,-157.83825,21.3355278
OO106,7-Jul-25,-157.83828,21.3355278
OO107,7-Jul-25,-157.83819,21.3354722
OO108,7-Jul-25,-157.83842,21.3355833
OO109,7-Jul-25,-157.8385,21.3357778
OO110,7-Jul-25,-157.8385,21.3358056
OO111,7-Jul-25,-157.83833,21.33575
OO112,7-Jul-25,-157.83828,21.3357222
OO113,7-Jul-25,-157.83847,21.3357778
OO114,7-Jul-25,-157.83847,21.3357778
OO115,7-Jul-25,-157.83844,21.3357222
OO116,7-Jul-25,-157.83847,21.33575
OO117,7-Jul-25,-157.83844,21.33575
OO118,7-Jul-25,-157.83844,21.33575
OO119,7-Jul-25,-157.83842,21.3357222
OO120,7-Jul-25,-157.83842,21.33575
OO121,7-Jul-25,-157.83844,21.3357222
OO122,7-Jul-25,-157.83842,21.3357222
OO123,7-Jul-25,-157.83842,21.3357222
OO124,7-Jul-25,-157.83842,21.3356944
OO125,7-Jul-25,-157.83842,21.3356667
OO126,7-Jul-25,-157.83811,21.3354722
OO127,7-Jul-25,-157.83811,21.3354444
OO128,7-Jul-25,-157.83811,21.3354444
OO129,7-Jul-25,-157.83822,21.3368611
OO130,7-Jul-25,-157.83747,21.3375
O12,6-Jul-25,-157.84814,21.3121667
O13,6-Jul-25,-157.84825,21.3120556
O14,6-Jul-25,-157.84825,21.3116111
O50,6-Jul-25,-157.84806,21.3113333
O51,6-Jul-25,-157.84817,21.3114444
O52,6-Jul-25,-157.84828,21.3118611
O53,6-Jul-25,-157.84772,21.3114444
OO131,6-Jul-25,-157.84783,21.3111944
OO132,6-Jul-25,-157.84772,21.3111667
OO133,6-Jul-25,-157.84767,21.3111389
OO134,6-Jul-25,-157.84769,21.3111667
OO135,6-Jul-25,-157.84733,21.3107778
OO136,6-Jul-25,-157.84767,21.3108889
OO137,6-Jul-25,-157.85019,21.311
OO138,6-Jul-25,-157.84375,21.3116944
OO139,6-Jul-25,-157.85933,21.3167778
OO140,2-Jul-25,-157.85942,21.3167778
OO141,2-Jul-25,-157.85936,21.3170556
OO142,2-Jul-25,-157.85925,21.3171111
OO143,2-Jul-25,-157.85944,21.317
OO144,2-Jul-25,-157.85917,21.3171944
OO145,2-Jul-25,-157.8595,21.3168889
OO146,2-Jul-25,-157.85925,21.3168611
OO147,2-Jul-25,-157.85928,21.3168611
OO148,2-Jul-25,-157.85931,21.3170833
OO149,2-Jul-25,-157.85931,21.3171111
OO150,2-Jul-25,-157.85928,21.3171389
OO151,2-Jul-25,-157.85925,21.3171667
OO152,2-Jul-25,-157.85917,21.3171944
OO153,2-Jul-25,-157.85917,21.3172222
OO154,2-Jul-25,-157.85917,21.3172222
OO155,2-Jul-25,-157.85917,21.3172222
OO156,2-Jul-25,-157.85919,21.31725
OO157,2-Jul-25,-157.85919,21.31725
OO158,2-Jul-25,-157.85906,21.3173056
OO159,2-Jul-25,-157.85886,21.3171944
OO160,2-Jul-25,-157.85897,21.3173889
OO161,2-Jul-25,-157.85894,21.3173889
OO162,2-Jul-25,-157.85889,21.3174167
OO163,2-Jul-25,-157.85889,21.3174444
OO164,2-Jul-25,-157.85872,21.3173056
OO165,2-Jul-25,-157.85872,21.3173056
OO166,2-Jul-25,-157.8585,21.3174444
OO167,2-Jul-25,-157.85853,21.3174444
OO168,2-Jul-25,-157.85856,21.3176667
OO169,2-Jul-25,-157.85853,21.3176944
OO170,2-Jul-25,-157.85853,21.3177222
OO171,2-Jul-25,-157.85853,21.3176944
OO172,2-Jul-25,-157.85831,21.3176667
OO173,2-Jul-25,-157.85917,21.3171944
OO174,2-Jul-25,-157.85817,21.3177222
OO175,2-Jul-25,-157.85819,21.3177222
OO176,2-Jul-25,-157.85833,21.3178333
OO177,2-Jul-25,-157.85808,21.3178056
OO178,2-Jul-25,-157.85825,21.3179444
OO179,2-Jul-25,-157.85825,21.3179444
OO180,2-Jul-25,-157.858,21.3178889
OO181,2-Jul-25,-157.85806,21.3178611
OO182,2-Jul-25,-157.85803,21.3178611
OO183,2-Jul-25,-157.85797,21.3179167
OO184,2-Jul-25,-157.85819,21.3179722
OO185,2-Jul-25,-157.85817,21.3179722
OO186,2-Jul-25,-157.85819,21.3179444
OO187,2-Jul-25,-157.85811,21.3180278
OO188,2-Jul-25,-157.85811,21.3180556
OO189,2-Jul-25,-157.85819,21.3181111
OO190,2-Jul-25,-157.85797,21.3179167
OO191,2-Jul-25,-157.85783,21.318
OO192,2-Jul-25,-157.85814,21.3183611
OO193,2-Jul-25,-157.85811,21.3183333
OO194,2-Jul-25,-157.85822,21.3184722
OO195,2-Jul-25,-157.85556,21.3210556
OO196,2-Jul-25,-157.85553,21.3210556
OO197,2-Jul-25,-157.85656,21.3186667
OO198,2-Jul-25,-157.85544,21.32125
OO199,2-Jul-25,-157.86172,21.3144444
OO200,2-Jul-25,-157.86139,21.3146944
OO201,2-Jul-25,-157.86128,21.31475
OO202,2-Jul-25,-157.86111,21.3148611
OO203,2-Jul-25,-157.86111,21.3148611
OO204,2-Jul-25,-157.86072,21.3151111
OO205,2-Jul-25,-157.86047,21.3150556
OO206,2-Jul-25,-157.86083,21.3153611
OO207,2-Jul-25,-157.86072,21.3154167
OO208,2-Jul-25,-157.86086,21.3153333
OO209,2-Jul-25,-157.86028,21.31575
OO210,2-Jul-25,-157.86,21.3163333
OO211,2-Jul-25,-157.85836,21.3171111
OO212,2-Jul-25,-157.85839,21.3170833
OO213,2-Jul-25,-157.85836,21.3171389
O15,2-Jul-25,-157.85794,21.3169722
OO214,2-Jul-25,-157.85806,21.3167778
OO215,2-Jul-25,-157.85833,21.31675
OO216,2-Jul-25,-157.85847,21.3166111
OO217,2-Jul-25,-157.85833,21.3165
OO218,2-Jul-25,-157.85836,21.3165
OO219,2-Jul-25,-157.85858,21.3164444
OO220,2-Jul-25,-157.85861,21.3164444
OO221,2-Jul-25,-157.8585,21.3164722
OO222,2-Jul-25,-157.85811,21.31625
OO223,2-Jul-25,-157.85806,21.3165278
OO224,2-Jul-25,-157.85806,21.3165556
OO225,2-Jul-25,-157.85808,21.3165833
OO226,2-Jul-25,-157.85806,21.3165556
OO227,2-Jul-25,-157.85811,21.3166111
OO228,2-Jul-25,-157.85814,21.3166111
OO229,2-Jul-25,-157.85811,21.3166111
OO230,2-Jul-25,-157.85814,21.3166111
OO231,2-Jul-25,-157.85814,21.3166389
OO232,2-Jul-25,-157.85814,21.3166389
OO233,2-Jul-25,-157.85817,21.3166389
OO234,2-Jul-25,-157.85778,21.3147778
OO235,2-Jul-25,-157.85797,21.3163611
OO236,2-Jul-25,-157.85972,21.31625
OO237,2-Jul-25,-157.85778,21.3173333
OO238,2-Jul-25,-157.85731,21.3169167
OO239,2-Jul-25,-157.85733,21.3170278
OO240,2-Jul-25,-157.85764,21.3172222
OO241,2-Jul-25,-157.85742,21.3171111
OO242,2-Jul-25,-157.86444,21.2948056
OO243,2-Jul-25,-157.84367,21.2943333
OO244,2-Jul-25,-157.8315,21.4310278
OO245,2-Jul-25,-157.84817,21.3183333
OO246,2-Jul-25,-157.84839,21.3184444
OO247,2-Jul-25,-157.84925,21.3174722
OO248,2-Jul-25,-157.85389,21.3143889
OO249,2-Jul-25,-157.85442,21.3095833
OO250,2-Jul-25,-157.85594,21.3033889
OO251,2-Jul-25,-157.85586,21.3033889
OO252,2-Jul-25,-157.85586,21.3034167
OO253,2-Jul-25,-157.86208,21.3145833
OO254,2-Jul-25,-157.86144,21.3149444
OO255,2-Jul-25,-157.85994,21.3154722
OO256,2-Jul-25,-157.85978,21.3161667
OO257,2-Jul-25,-157.85222,21.3195556
OO258,2-Jul-25,-157.85225,21.3196389
OO259,2-Jul-25,-157.852,21.3198056
OO260,2-Jul-25,-157.852,21.31975
OO261,2-Jul-25,-157.8515,21.3211667
OO262,2-Jul-25,-157.83483,21.29925
OO263,2-Jul-25,-157.83711,21.302071
OO264,2-Jul-25,-157.83578,21.2974167
OO265,2-Jul-25,-157.85103,21.3234167
OO266,2-Jul-25,-157.84375,21.3168333
OO267,2-Jul-25,-157.83306,21.30325
OO268,2-Jul-25,-157.83292,21.3031389
OO269,2-Jul-25,-157.81881,21.3033056
OO270,2-Jul-25,-157.81867,21.30325
OO271,2-Jul-25,-157.81989,21.3042778
OO272,2-Jul-25,-157.82065,21.302952
OO273,2-Jul-25,-157.82058,21.3035556
OO274,2-Jul-25,-157.82086,21.302562
OO275,2-Jul-25,-157.80178,21.3173889
OO276,2-Jul-25,-157.80183,21.3173611
OO277,2-Jul-25,-157.80189,21.3172778
OO278,2-Jul-25,-157.81267,21.3068333
OO279,2-Jul-25,-157.813,21.3076944
OO280,2-Jul-25,-157.81231,21.3066667
OO281,2-Jul-25,-157.81672,21.3083056
OO282,2-Jul-25,-157.82319,21.3068889
OO283,2-Jul-25,-157.85169,21.2993611
OO284,2-Jul-25,-157.81475,21.2888056
OO285,2-Jul-25,-157.82453,21.3064167
OO286,2-Jul-25,-157.82883,21.3054167
OO287,2-Jul-25,-157.81306,21.312601
OO288,2-Jul-25,-157.81723,21.30655
OO289,2-Jul-25,-157.84592,21.3276667
OO290,2-Jul-25,-157.84533,21.3278889
OO291,2-Jul-25,-157.85067,21.3162778
OO292,2-Jul-25,-157.85144,21.3177222
OO293,2-Jul-25,-157.84706,21.3171944
OO294,2-Jul-25,-157.84825,21.318684
OO295,2-Jul-25,-157.85172,21.3101944
OO296,2-Jul-25,-157.85117,21.3083056
OO297,2-Jul-25,-157.85325,21.3094444
OO298,2-Jul-25,-157.85203,21.31087
OO299,2-Jul-25,-157.84917,21.304558
OO300,2-Jul-25,-157.84831,21.306378
OO301,2-Jul-25,-157.84442,21.3040556
OO302,2-Jul-25,-157.86008,21.3039722
OO303,2-Jul-25,-157.85792,21.3014167
OO304,2-Jul-25,-157.85778,21.3015
OO305,2-Jul-25,-157.85808,21.3013333
OO306,2-Jul-25,-157.86592,21.3182222
OO307,2-Jul-25,-157.86092,21.315
OO308,2-Jul-25,-157.86083,21.3157778
OO309,2-Jul-25,-157.86064,21.3151389
OO310,2-Jul-25,-157.86086,21.3158333
OO311,2-Jul-25,-157.86083,21.3143333
OO312,2-Jul-25,-157.85986,21.3156389
OO313,2-Jul-25,-157.85972,21.3154722
OO314,2-Jul-25,-157.85978,21.3156667
OO315,2-Jul-25,-157.85972,21.3166111
OO316,2-Jul-25,-157.85964,21.3164722
OO317,2-Jul-25,-157.85964,21.3165
OO318,2-Jul-25,-157.86,21.3169722
OO319,2-Jul-25,-157.85994,21.3166111
OO320,2-Jul-25,-157.86014,21.3170556
OO321,2-Jul-25,-157.85964,21.3173889
OO322,2-Jul-25,-157.85964,21.3165278
OO323,2-Jul-25,-157.85886,21.3180833
OO324,2-Jul-25,-157.85897,21.318
OO325,2-Jul-25,-157.85886,21.3183611
OO326,2-Jul-25,-157.85892,21.31825
OO327,2-Jul-25,-157.85897,21.3182222
OO328,2-Jul-25,-157.85864,21.3178333
OO329,2-Jul-25,-157.81666,21.307115
OO330,2-Jul-25,-157.81108,21.3096944
OO331,2-Jul-25,-157.81811,21.2940278
OO332,2-Jul-25,-157.81833,21.2930278
OO333,2-Jul-25,-157.81803,21.2934722
OO334,2-Jul-25,-157.81872,21.3002778
OO335,2-Jul-25,-157.81878,21.3006667
OO336,2-Jul-25,-157.81964,21.2998056
OO337,2-Jul-25,-157.81964,21.2997778
OO338,2-Jul-25,-157.81964,21.2998056
OO339,2-Jul-25,-157.81964,21.2997778
OO340,2-Jul-25,-157.81964,21.2997778
OO341,2-Jul-25,-157.81961,21.2997778
OO342,2-Jul-25,-157.81961,21.2997778
OO343,2-Jul-25,-157.81964,21.2997778
OO344,2-Jul-25,-157.81967,21.2997778
OO345,2-Jul-25,-157.81961,21.2997778
OO346,2-Jul-25,-157.81961,21.2998056
OO347,2-Jul-25,-157.81961,21.2997778
OO348,2-Jul-25,-157.81958,21.2998056
OO349,2-Jul-25,-157.81958,21.2998333
OO350,2-Jul-25,-157.81958,21.2998056
OO351,2-Jul-25,-157.81961,21.2998056
OO352,2-Jul-25,-157.81958,21.2997778
OO353,2-Jul-25,-157.81958,21.2997778
OO354,2-Jul-25,-157.81978,21.2998333
OO355,2-Jul-25,-157.81958,21.2998056
OO356,2-Jul-25,-157.81978,21.2997778
OO357,2-Jul-25,-157.81967,21.2998056
OO358,2-Jul-25,-157.81969,21.2998056
OO359,2-Jul-25,-157.81969,21.2997778
OO360,2-Jul-25,-157.81972,21.2998056
OO361,2-Jul-25,-157.81978,21.2998056
OO362,2-Jul-25,-157.81972,21.2998333
OO363,2-Jul-25,-157.81969,21.2997778
OO364,2-Jul-25,-157.81975,21.2998056
OO365,2-Jul-25,-157.81975,21.2997778
OO366,2-Jul-25,-157.81972,21.2997778
OO367,2-Jul-25,-157.81978,21.2997222
OO368,2-Jul-25,-157.81972,21.2997778
OO369,2-Jul-25,-157.81881,21.2995278
OO370,2-Jul-25,-157.81878,21.29975
OO371,2-Jul-25,-157.81861,21.2997222
OO372,2-Jul-25,-157.81858,21.2996944
OO373,2-Jul-25,-157.81856,21.29975
OO374,2-Jul-25,-157.81772,21.2985833
OO375,2-Jul-25,-157.81769,21.2985833
OO376,2-Jul-25,-157.8175,21.2985556
OO377,2-Jul-25,-157.81378,21.2996111
OO378,2-Jul-25,-157.81381,21.2995556
O40,6-Jul-25,-157.81961,21.29625
O39,6-Jul-25,-157.81944,21.29625
O38,6-Jul-25,-157.81939,21.2962778
O37,6-Jul-25,-157.81911,21.29625
OO379,6-Jul-25,-157.81917,21.29625
OO380,6-Jul-25,-157.81919,21.29625
OO381,6-Jul-25,-157.81922,21.2962222
OO382,6-Jul-25,-157.81914,21.29625
OO383,6-Jul-25,-157.81903,21.2961389
OO384,6-Jul-25,-157.81867,21.2962222
OO385,6-Jul-25,-157.81869,21.2961667
OO386,6-Jul-25,-157.81844,21.2961944
OO387,6-Jul-25,-157.81836,21.2961944
OO388,6-Jul-25,-157.81828,21.2961944
OO389,6-Jul-25,-157.81856,21.2962222
OO390,6-Jul-25,-157.8185,21.2962222
OO391,6-Jul-25,-157.81828,21.2960833
OO392,6-Jul-25,-157.81842,21.2961389
OO393,6-Jul-25,-157.81839,21.2961111
OO394,6-Jul-25,-157.81836,21.2961389
OO395,6-Jul-25,-157.81839,21.2961389
OO396,6-Jul-25,-157.81858,21.2961667
OO397,6-Jul-25,-157.81856,21.2961389
OO398,6-Jul-25,-157.81858,21.2961667
OO399,6-Jul-25,-157.81853,21.2961389
OO400,6-Jul-25,-157.8185,21.2960556
OO401,6-Jul-25,-157.81847,21.2960833
OO402,6-Jul-25,-157.8185,21.2959722
OO403,6-Jul-25,-157.81847,21.296
OO404,6-Jul-25,-157.81847,21.2960278
OO405,6-Jul-25,-157.81847,21.2961111
OO406,6-Jul-25,-157.81847,21.2960556
OO407,6-Jul-25,-157.81844,21.2961111
OO408,6-Jul-25,-157.8185,21.2959722
OO409,6-Jul-25,-157.81883,21.2958056
OO410,6-Jul-25,-157.81878,21.2958056
OO411,6-Jul-25,-157.81878,21.2958056
OO412,6-Jul-25,-157.81869,21.2958056
OO413,6-Jul-25,-157.81869,21.2958056
OO414,6-Jul-25,-157.81867,21.2957778
OO415,6-Jul-25,-157.81858,21.2957778
OO416,6-Jul-25,-157.81847,21.2957778
OO417,6-Jul-25,-157.81853,21.2957778
OO418,6-Jul-25,-157.81875,21.2958056
OO419,6-Jul-25,-157.81861,21.2957778
OO420,6-Jul-25,-157.81842,21.29575
OO421,6-Jul-25,-157.81833,21.296
OO422,6-Jul-25,-157.81836,21.2958611
OO423,6-Jul-25,-157.81833,21.2960833
OO424,6-Jul-25,-157.81833,21.2959444
OO425,6-Jul-25,-157.81833,21.2961389
OO426,6-Jul-25,-157.81683,21.29525
OO427,6-Jul-25,-157.81697,21.2960833
OO428,6-Jul-25,-157.81739,21.2962222
OO429,6-Jul-25,-157.81753,21.2960556
OO430,6-Jul-25,-157.81761,21.2960556
OO431,6-Jul-25,-157.81764,21.2960556
OO432,6-Jul-25,-157.81786,21.2961667
OO433,6-Jul-25,-157.81433,21.3006667
OO434,6-Jul-25,-157.81431,21.3011111
OO435,6-Jul-25,-157.81775,21.2970556
OO436,6-Jul-25,-157.82033,21.2968611
OO437,6-Jul-25,-157.81764,21.297007
OO438,6-Jul-25,-157.82169,21.2967778
OO439,6-Jul-25,-157.82156,21.2966667
OO440,6-Jul-25,-157.821,21.29525
OO441,6-Jul-25,-157.82128,21.2963056
OO442,6-Jul-25,-157.81933,21.2961389
OO443,6-Jul-25,-157.81922,21.2961111
OO444,6-Jul-25,-157.81961,21.2961389
OO445,6-Jul-25,-157.81964,21.2960556
OO446,6-Jul-25,-157.81964,21.2960833
OO447,6-Jul-25,-157.81967,21.2960556
OO448,6-Jul-25,-157.81958,21.2958889
OO449,6-Jul-25,-157.81967,21.2960278
OO450,6-Jul-25,-157.81906,21.2960278
OO451,6-Jul-25,-157.81897,21.2959444
OO452,6-Jul-25,-157.81897,21.2959444
OO453,6-Jul-25,-157.81906,21.296
OO454,6-Jul-25,-157.81897,21.2958333
OO455,6-Jul-25,-157.81908,21.2958611
OO456,6-Jul-25,-157.81897,21.2958889
OO457,6-Jul-25,-157.81969,21.2958611
OO458,6-Jul-25,-157.81978,21.2959444
OO459,6-Jul-25,-157.81975,21.2958889
OO460,6-Jul-25,-157.81975,21.2961111
OO461,6-Jul-25,-157.81978,21.2960833
OO462,6-Jul-25,-157.81978,21.2960278
OO463,6-Jul-25,-157.81978,21.2959722
OO464,6-Jul-25,-157.81978,21.296
OO465,6-Jul-25,-157.81772,21.2969722
OO466,6-Jul-25,-157.81586,21.3015
OO467,6-Jul-25,-157.81822,21.2943333
OO468,6-Jul-25,-157.819,21.2933611
OO469,6-Jul-25,-157.81811,21.2940278
OO470,6-Jul-25,-157.81833,21.2930278
OO471,6-Jul-25,-157.81803,21.2934722
